{
    "roc_auc": 0.6674397003109519,
    "classification_report": {
        "No Readmit": {
            "precision": 0.9298831385642737,
            "recall": 0.5762731348430854,
            "f1-score": 0.7115684882895671,
            "support": 17398.0
        },
        "Readmit (<30d)": {
            "precision": 0.16502435156869408,
            "recall": 0.658382286488929,
            "f1-score": 0.26390146712552076,
            "support": 2213.0
        },
        "accuracy": 0.5855387282647494,
        "macro avg": {
            "precision": 0.5474537450664839,
            "recall": 0.6173277106660072,
            "f1-score": 0.4877349777075439,
            "support": 19611.0
        },
        "weighted avg": {
            "precision": 0.8435727772557623,
            "recall": 0.5855387282647494,
            "f1-score": 0.661051578502405,
            "support": 19611.0
        }
    },
    "confusion_matrix": [
        [
            10026,
            7372
        ],
        [
            756,
            1457
        ]
    ]
}